../2-DR/4-PR/2247A00035,,
../2-DR/4-PR/2248A00036,,
../2-DR/4-PR/2248A00171,,
../2-DR/4-PR/2253A00032,,
../2-DR/4-PR/2254A00098,,
../2-DR/4-PR/2254A00286,,
../2-DR/4-PR/2261A00178,,
../2-DR/4-PR/2261A00179,,
../2-DR/4-PR/2261A00180,,
../2-DR/4-PR/2261A00617,,
../2-DR/4-PR/2261A01479,,
../2-DR/4-PR/2283A01332,,
../2-DR/4-PR/2283A01334,,
../2-DR/4-PR/2283A01343,,
../2-DR/4-PR/2283A01344,,
../2-DR/4-PR/2283A01347,,
../2-DR/4-PR/2283A01350,,
../2-DR/4-PR/2283A01356,,
../2-DR/4-PR/2283A01359,,
../2-DR/4-PR/2283A01364,,
../2-DR/4-PR/2283A01367,,
../2-DR/4-PR/2283A01368,,
../2-DR/4-PR/2294A00091,,
../2-DR/4-PR/22S1A00205,,
../2-DR/4-PR/22S2A00063,,
../2-DR/4-PR/22TPA00176,,
../2-DR/4-PR/2301A00355,,
../2-DR/4-PR/2301A00448,,
../2-DR/4-PR/2302A00008,,
../2-DR/4-PR/2302A00556,,
../2-DR/4-PR/2302A00674,,
../2-DR/4-PR/2302A00696,,
../2-DR/4-PR/2302A00729,,
../2-DR/4-PR/2302A00753,,
../2-DR/4-PR/2302A00900,,
../2-DR/4-PR/2302A00961,,
../2-DR/4-PR/2302A01065,,
../2-DR/4-PR/2302A01159,,
../2-DR/4-PR/2303A00847,,
../2-DR/4-PR/2303A00861,,
../2-DR/4-PR/2303A00918,,
../2-DR/4-PR/2303A00965,,
../2-DR/4-PR/2304A00921,,
../2-DR/4-PR/2304A01016,,
../2-DR/4-PR/2304A01053,,
../2-DR/4-PR/2304A01119,,
../2-DR/4-PR/2304A01142,,
../2-DR/4-PR/2304A01164,,
../2-DR/4-PR/2304A01884,,
../2-DR/4-PR/2304A02304,,
../2-DR/4-PR/2306A00196,,
../2-DR/4-PR/2306A00550,,
../2-DR/4-PR/2306A00576,,
../2-DR/4-PR/2306A00664,,
../2-DR/4-PR/2306A00687,,
../2-DR/4-PR/2306A01157,,
../2-DR/4-PR/2306A01186,,
../2-DR/4-PR/2306A01192,,
../2-DR/4-PR/2306A01326,,
../2-DR/4-PR/2306A01585,,
../2-DR/4-PR/2306A01757,,
../2-DR/4-PR/2306A01858,,
../2-DR/4-PR/2307A00141,,
../2-DR/4-PR/2307A00262,,
../2-DR/4-PR/2307A00339,,
../2-DR/4-PR/2307A00883,,
../2-DR/4-PR/2307A01117,,
../2-DR/4-PR/2307A01406,,
../2-DR/4-PR/2308A00053,,
../2-DR/4-PR/2308A00120,,
../2-DR/4-PR/2308A00362,,
../2-DR/4-PR/2308A00388,,
../2-DR/4-PR/2308A00445,,
../2-DR/4-PR/2308A00446,,
../2-DR/4-PR/2308A00603,,
../2-DR/4-PR/2308A00619,,
../2-DR/4-PR/2309A00029,,
../2-DR/4-PR/2309A00145,,
../2-DR/4-PR/2309A00252,,
../2-DR/4-PR/2310A00157,,
../2-DR/4-PR/2310A00219,,
../2-DR/4-PR/2310A00227,,
../2-DR/4-PR/2310A00893,,
../2-DR/4-PR/2311A00091,,
../2-DR/4-PR/2311A00374,,
../2-DR/4-PR/2311A00646,,
../2-DR/4-PR/2312A00185,,
../2-DR/4-PR/2312A00826,,
../2-DR/4-PR/2312A00851,,
../2-DR/4-PR/2313A00258,,
../2-DR/4-PR/2313A00264,,
../2-DR/4-PR/2313A00298,,
../2-DR/4-PR/2313A00535,,
../2-DR/4-PR/2313A00645,,
../2-DR/4-PR/2314A00013,,
../2-DR/4-PR/2314A00027,,
../2-DR/4-PR/2314A00125,,
../2-DR/4-PR/2314A00230,,
../2-DR/4-PR/2315A00008,,
../2-DR/4-PR/2315A00134,,
../2-DR/4-PR/2315A00196,,
../2-DR/4-PR/2315A00207,,
../2-DR/4-PR/2315A00268,,
../2-DR/4-PR/2315A00623,,
../2-DR/4-PR/2315A00663,,
../2-DR/4-PR/2316A00032,,
../2-DR/4-PR/2316A00414,,
../2-DR/4-PR/2316A00823,,
../2-DR/4-PR/2317A00048,,
../2-DR/4-PR/2317A00230,,
../2-DR/4-PR/2317A00520,,
../2-DR/4-PR/2317A00575,,
../2-DR/4-PR/2318A00052,,
../2-DR/4-PR/2318A00114,,
../2-DR/4-PR/2318A00161,,
../2-DR/4-PR/2319A00189,,
../2-DR/4-PR/2319A00332,,
../2-DR/4-PR/2319A00353,,
../2-DR/4-PR/2319A00461,,
../2-DR/4-PR/2320A00411,,
../2-DR/4-PR/2320A00514,,
../2-DR/4-PR/2324A00011,,
../2-DR/4-PR/2324A00100,,
../2-DR/4-PR/2324A00109,,
../2-DR/4-PR/2325A00015,,
../2-DR/4-PR/2325A00043,,
../2-DR/4-PR/2325A00075,,
../2-DR/4-PR/2325A00088,,
../2-DR/4-PR/2326A00018,,
../2-DR/4-PR/2326A00237,,
../2-DR/4-PR/2330A00094,,
../2-DR/4-PR/2334A00029,,
../2-DR/4-PR/2335A00053,,
../2-DR/4-PR/2335A00078,,
../2-DR/4-PR/2335A00118,,
../2-DR/4-PR/2335A00570,,
../2-DR/4-PR/2335A00622,,
../2-DR/4-PR/2335A00731,,
../2-DR/4-PR/2335A00838,,
../2-DR/4-PR/2335A00881,,
../2-DR/4-PR/2336A00014,,
../2-DR/4-PR/2336A00086,,
../2-DR/4-PR/2336A00122,,
../2-DR/4-PR/2336A00243,,
../2-DR/4-PR/2337A00477,,
../2-DR/4-PR/2338A00038,,
../2-DR/4-PR/2338A00093,,
../2-DR/4-PR/2338A00268,,
../2-DR/4-PR/2338A00349,,
../2-DR/4-PR/2338A00583,,
../2-DR/4-PR/2340A00033,,
../2-DR/4-PR/2340A00144,,
../2-DR/4-PR/2340A00169,,
../2-DR/4-PR/2340A00232,,
../2-DR/4-PR/2340A00235,,
../2-DR/4-PR/2340A00236,,
../2-DR/4-PR/2341A00085,,
../2-DR/4-PR/2341A00100,,
../2-DR/4-PR/2341A00107,,
../2-DR/4-PR/2341A00156,,
../2-DR/4-PR/2341A00186,,
../2-DR/4-PR/2341A00411,,
../2-DR/4-PR/2341A00962,,
../2-DR/4-PR/2342A00140,,
../2-DR/4-PR/2342A00203,,
../2-DR/4-PR/2342A00568,,
../2-DR/4-PR/2342A00609,,
../2-DR/4-PR/2342A00784,,
../2-DR/4-PR/2342A00851,,
../2-DR/4-PR/2342A00894,,
../2-DR/4-PR/2342A00935,,
../2-DR/4-PR/2342A01013,,
../2-DR/4-PR/2344A00035,,
../2-DR/4-PR/2344A00218,,
../2-DR/4-PR/2347A00512,,
../2-DR/4-PR/2348A00060,,
../2-DR/4-PR/2348A00213,,
../2-DR/4-PR/2348A00294,,
../2-DR/4-PR/2348A00369,,
../2-DR/4-PR/2348A00384,,
../2-DR/4-PR/2349A00062,,
../2-DR/4-PR/2349A00086,,
../2-DR/4-PR/2349A00161,,
