*header,FSA,population_density
*unit,-,people/km^2
*note,"This file is the result of dividing the FSA (forward sortation area; i.e. postal code) population by land area. It may be used as an indicator or rural/urban."
*note,"MAKE SURE TO CHECK THE LIST OF MISSING FSAs AT THE END OF THIS FILE. THEY WERE PRESENT IN EITHER THE LAND_AREA OR POPULATION FILE, BUT NOT THE OTHER"
*data,A0A,11.88
*data,A0B,3.10
*data,A0C,3.22
*data,A0E,4.31
*data,A0G,2.96
*data,A0H,0.87
*data,A0J,4.27
*data,A0K,0.44
*data,A0L,4.27
*data,A0M,0.42
*data,A0N,2.94
*data,A0P,0.07
*data,A0R,0.03
*data,A1A,638.15
*data,A1B,221.57
*data,A1C,3232.70
*data,A1E,1887.48
*data,A1G,462.34
*data,A1K,125.44
*data,A1L,291.13
*data,A1N,1518.18
*data,A1S,19.20
*data,A1V,90.95
*data,A1W,346.36
*data,A1X,868.02
*data,A1Y,62.44
*data,A2A,288.44
*data,A2B,160.05
*data,A2H,12.89
*data,A2N,47.05
*data,A2V,723.92
*data,B0C,1.46
*data,B0E,4.42
*data,B0H,3.25
*data,B0J,7.15
*data,B0K,10.78
*data,B0L,4.57
*data,B0M,4.94
*data,B0N,7.39
*data,B0P,23.57
*data,B0R,3.86
*data,B0S,6.51
*data,B0T,3.64
*data,B0V,20.57
*data,B0W,6.51
*data,B1A,729.81
*data,B1H,225.59
*data,B1L,24.27
*data,B1M,21.26
*data,B1N,90.55
*data,B1P,808.90
*data,B1R,213.59
*data,B1S,1036.76
*data,B1V,553.63
*data,B2A,37.91
*data,B2G,13.46
*data,B2H,20.25
*data,B2N,39.44
*data,B2T,26.68
*data,B2V,877.50
*data,B2W,965.70
*data,B2X,851.45
*data,B2Y,1501.53
*data,B2Z,125.01
*data,B3A,1985.50
*data,B3B,126.52
*data,B3G,342.17
*data,B3H,1835.14
*data,B3J,5044.66
*data,B3K,2190.85
*data,B3L,69.01
*data,B3M,576.22
*data,B3N,1132.44
*data,B3P,536.69
*data,B3R,412.42
*data,B3S,3880.18
*data,B3T,1081.08
*data,B3Z,117.24
*data,B4A,240.17
*data,B4B,48.03
*data,B4C,486.69
*data,B4E,387.73
*data,B4G,43.90
*data,B4H,23.42
*data,B4N,54.60
*data,B4R,280.63
*data,B4V,31.12
*data,B5A,73.67
*data,C0A,13.58
*data,C0B,15.09
*data,C1A,113.75
*data,C1B,432.31
*data,C1C,444.14
*data,C1E,51.78
*data,C1N,146.34
*data,E1A,713.61
*data,E1B,750.91
*data,E1C,26.53
*data,E1E,434.18
*data,E1G,1772.93
*data,E1N,42.10
*data,E1V,14.94
*data,E1W,98.55
*data,E1X,82.98
*data,E2A,12.14
*data,E2E,405.40
*data,E2G,133.54
*data,E2H,161.49
*data,E2J,592.62
*data,E2K,870.20
*data,E2L,18.08
*data,E2M,228.27
*data,E2N,227.03
*data,E2P,41.58
*data,E2S,225.86
*data,E2V,46.95
*data,E3A,557.28
*data,E3B,16.72
*data,E3C,127.85
*data,E3E,96.85
*data,E3L,16.85
*data,E3N,80.78
*data,E3V,116.06
*data,E3Y,1456.23
*data,E3Z,317.99
*data,E7A,6.42
*data,E7B,83.50
*data,G0A,6.73
*data,G0C,4.75
*data,G0E,0.66
*data,G0G,0.12
*data,G0H,0.30
*data,G0J,3.07
*data,G0K,3.05
*data,G0L,7.89
*data,G0M,11.23
*data,G0N,10.69
*data,G0P,7.55
*data,G0R,11.35
*data,G0S,17.79
*data,G0T,0.34
*data,G0V,1.26
*data,G0W,0.38
*data,G0X,1.82
*data,G0Y,4.99
*data,G0Z,13.31
*data,G1B,330.66
*data,G1C,1790.43
*data,G1E,2289.25
*data,G1G,2153.15
*data,G1H,1827.55
*data,G1J,3571.59
*data,G1K,4356.98
*data,G1L,6279.84
*data,G1M,1787.32
*data,G1N,3200.00
*data,G1P,2024.29
*data,G1R,5655.48
*data,G1S,5189.81
*data,G1T,1498.84
*data,G1V,1661.69
*data,G1W,2402.56
*data,G1X,1659.43
*data,G1Y,1980.38
*data,G2A,1472.40
*data,G2B,434.33
*data,G2C,1015.77
*data,G2E,415.44
*data,G2G,983.38
*data,G2J,3566.67
*data,G2K,503.29
*data,G2L,964.27
*data,G2M,274.73
*data,G2N,465.17
*data,G3A,192.50
*data,G3E,1463.65
*data,G3J,1292.96
*data,G3K,210.22
*data,G4A,60.15
*data,G4R,1.06
*data,G4S,903.21
*data,G4W,148.58
*data,G4Z,4.80
*data,G5A,46.20
*data,G5B,20.10
*data,G5C,227.94
*data,G5H,127.52
*data,G5L,218.53
*data,G5M,236.70
*data,G5N,1829.59
*data,G5R,206.92
*data,G5T,5.65
*data,G5V,88.73
*data,G5Y,177.36
*data,G5Z,852.52
*data,G6A,445.02
*data,G6B,25.05
*data,G6C,117.66
*data,G6E,105.67
*data,G6G,107.84
*data,G6H,180.20
*data,G6J,101.93
*data,G6K,1820.10
*data,G6L,42.77
*data,G6P,269.81
*data,G6R,78.58
*data,G6S,747.29
*data,G6T,877.68
*data,G6V,453.57
*data,G6W,860.12
*data,G6X,1199.19
*data,G6Z,208.62
*data,G7A,335.32
*data,G7B,57.42
*data,G7G,831.11
*data,G7H,149.35
*data,G7J,779.99
*data,G7K,29.62
*data,G7P,26.87
*data,G7S,422.73
*data,G7X,19.54
*data,G7Y,783.12
*data,G7Z,326.79
*data,G8A,1069.80
*data,G8B,220.50
*data,G8C,139.25
*data,G8H,44.05
*data,G8J,3.95
*data,G8K,58.87
*data,G8L,277.97
*data,G8M,0.34
*data,G8N,8.81
*data,G8P,0.74
*data,G8T,276.74
*data,G8V,1813.94
*data,G8W,867.36
*data,G8Y,1149.58
*data,G8Z,1568.48
*data,G9A,395.33
*data,G9B,1359.44
*data,G9C,117.32
*data,G9N,190.62
*data,G9P,546.88
*data,G9R,1628.10
*data,G9T,189.16
*data,G9X,1.64
*data,H1A,2122.47
*data,H1B,1261.74
*data,H1C,1045.25
*data,H1E,3529.25
*data,H1G,7616.10
*data,H1H,7548.48
*data,H1J,1248.42
*data,H1K,5088.24
*data,H1L,7095.28
*data,H1M,5248.07
*data,H1N,2733.58
*data,H1P,3462.85
*data,H1R,6317.07
*data,H1S,6432.28
*data,H1T,5608.52
*data,H1V,5468.51
*data,H1W,9181.00
*data,H1X,11248.85
*data,H1Y,9340.29
*data,H1Z,5146.58
*data,H2A,7811.02
*data,H2B,6588.46
*data,H2C,7273.84
*data,H2E,12260.30
*data,H2G,10596.14
*data,H2H,12146.49
*data,H2J,11632.56
*data,H2K,8886.73
*data,H2L,8803.10
*data,H2M,5335.74
*data,H2N,5376.79
*data,H2P,6699.06
*data,H2R,12337.79
*data,H2S,10468.57
*data,H2T,14179.82
*data,H2V,6659.91
*data,H2W,11207.00
*data,H2X,13109.15
*data,H2Y,4653.62
*data,H2Z,5607.14
*data,H3A,2313.76
*data,H3C,731.90
*data,H3E,4428.14
*data,H3G,2195.98
*data,H3H,12549.26
*data,H3J,8337.60
*data,H3K,3235.33
*data,H3L,4704.52
*data,H3M,5957.83
*data,H3N,18582.21
*data,H3P,3478.89
*data,H3R,3475.00
*data,H3S,13372.05
*data,H3T,7430.23
*data,H3V,3754.86
*data,H3W,12316.60
*data,H3X,6608.43
*data,H3Y,3885.43
*data,H3Z,8074.00
*data,H4A,7347.83
*data,H4B,7426.97
*data,H4C,6732.73
*data,H4E,6711.26
*data,H4G,10807.89
*data,H4H,6293.61
*data,H4J,6283.10
*data,H4K,2568.11
*data,H4L,5612.61
*data,H4M,4961.14
*data,H4N,4813.60
*data,H4P,719.85
*data,H4R,7928.98
*data,H4S,18.68
*data,H4V,7265.85
*data,H4W,4283.75
*data,H4X,3630.17
*data,H7A,1048.58
*data,H7B,137.91
*data,H7C,1646.55
*data,H7E,618.49
*data,H7G,3137.01
*data,H7H,1214.55
*data,H7K,3025.79
*data,H7L,1329.40
*data,H7M,2492.86
*data,H7N,4511.62
*data,H7P,2298.40
*data,H7R,1424.82
*data,H7S,735.44
*data,H7T,1197.55
*data,H7V,3368.91
*data,H7W,3555.05
*data,H7X,1758.56
*data,H7Y,1301.66
*data,H8N,2697.21
*data,H8P,5502.91
*data,H8R,3683.91
*data,H8S,1722.52
*data,H8T,4342.02
*data,H8Y,3081.64
*data,H8Z,3282.03
*data,H9A,3502.85
*data,H9B,3334.19
*data,H9C,1221.47
*data,H9E,195.23
*data,H9G,3045.38
*data,H9H,2682.44
*data,H9J,1938.49
*data,H9K,1151.53
*data,H9P,245.91
*data,H9R,1519.08
*data,H9S,2268.43
*data,H9W,1743.42
*data,H9X,418.14
*data,J0A,13.83
*data,J0B,12.29
*data,J0C,19.42
*data,J0E,17.26
*data,J0G,17.76
*data,J0H,24.00
*data,J0J,24.70
*data,J0K,10.48
*data,J0L,48.35
*data,J0M,0.03
*data,J0N,71.55
*data,J0P,55.55
*data,J0R,34.59
*data,J0S,22.41
*data,J0T,7.50
*data,J0V,10.23
*data,J0W,0.88
*data,J0X,2.25
*data,J0Y,0.25
*data,J0Z,1.29
*data,J1A,42.86
*data,J1E,858.33
*data,J1G,1556.09
*data,J1H,1249.66
*data,J1J,1607.22
*data,J1K,878.88
*data,J1L,478.56
*data,J1M,44.07
*data,J1N,287.22
*data,J1S,44.67
*data,J1T,180.56
*data,J1X,96.02
*data,J1Z,27.62
*data,J2A,994.54
*data,J2B,121.10
*data,J2C,1065.75
*data,J2E,829.15
*data,J2G,244.96
*data,J2H,645.22
*data,J2J,1826.70
*data,J2K,319.86
*data,J2N,83.47
*data,J2S,356.74
*data,J2T,1310.46
*data,J2W,479.17
*data,J2X,283.96
*data,J2Y,79.08
*data,J3A,2920.72
*data,J3B,653.05
*data,J3E,724.28
*data,J3G,319.81
*data,J3H,692.26
*data,J3L,227.17
*data,J3M,119.93
*data,J3N,423.24
*data,J3P,311.85
*data,J3R,888.07
*data,J3T,76.11
*data,J3V,556.08
*data,J3X,227.47
*data,J3Y,915.37
*data,J3Z,8657.50
*data,J4B,545.05
*data,J4G,1033.27
*data,J4H,3516.36
*data,J4J,3453.16
*data,J4K,4454.39
*data,J4L,4261.97
*data,J4M,1691.50
*data,J4N,7481.16
*data,J4P,3231.00
*data,J4R,3486.91
*data,J4S,2791.31
*data,J4T,4112.91
*data,J4V,3533.61
*data,J4W,2942.86
*data,J4X,3170.08
*data,J4Y,908.96
*data,J4Z,1236.54
*data,J5A,250.00
*data,J5R,619.57
*data,J5V,119.75
*data,J5W,194.67
*data,J5X,86.09
*data,J5Y,2342.69
*data,J5Z,636.45
*data,J6A,2204.62
*data,J6E,533.13
*data,J6J,861.67
*data,J6K,959.56
*data,J6N,197.83
*data,J6R,216.98
*data,J6S,267.72
*data,J6T,735.67
*data,J6V,308.09
*data,J6W,1631.79
*data,J6X,548.78
*data,J6Y,486.62
*data,J6Z,1745.68
*data,J7A,1319.35
*data,J7B,1618.86
*data,J7C,975.86
*data,J7E,844.81
*data,J7G,1823.10
*data,J7H,899.05
*data,J7J,391.24
*data,J7K,246.59
*data,J7L,794.08
*data,J7N,231.72
*data,J7P,1518.83
*data,J7R,602.60
*data,J7T,156.28
*data,J7V,567.30
*data,J7X,305.11
*data,J7Y,806.60
*data,J7Z,487.20
*data,J8C,46.36
*data,J8G,29.36
*data,J8H,52.66
*data,J8L,26.07
*data,J8M,168.08
*data,J8N,21.12
*data,J8P,843.19
*data,J8R,287.61
*data,J8T,1459.29
*data,J8V,148.57
*data,J8X,1271.94
*data,J8Y,3163.96
*data,J8Z,1388.33
*data,J9A,1428.49
*data,J9E,13.23
*data,J9H,179.98
*data,J9J,813.00
*data,J9L,21.29
*data,J9P,17.28
*data,J9T,23.88
*data,J9X,18.89
*data,J9Z,48.88
*data,K0A,25.03
*data,K0B,17.25
*data,K0C,21.35
*data,K0E,18.91
*data,K0G,13.43
*data,K0H,7.07
*data,K0J,3.06
*data,K0K,17.50
*data,K0L,9.57
*data,K0M,8.90
*data,K1B,2402.05
*data,K1C,1089.73
*data,K1E,2146.54
*data,K1G,1787.06
*data,K1H,2172.92
*data,K1J,1666.65
*data,K1K,2085.89
*data,K1L,5317.92
*data,K1M,1268.74
*data,K1N,4910.37
*data,K1R,3805.88
*data,K1S,3892.81
*data,K1T,1567.54
*data,K1V,1309.27
*data,K1W,532.76
*data,K1X,10.62
*data,K1Y,2735.18
*data,K1Z,2268.17
*data,K2A,2501.63
*data,K2B,3016.93
*data,K2C,2145.02
*data,K2E,2296.13
*data,K2G,996.22
*data,K2H,706.25
*data,K2J,2303.89
*data,K2K,433.24
*data,K2L,2148.18
*data,K2M,2910.02
*data,K2P,10990.98
*data,K2R,21.78
*data,K2S,139.34
*data,K2T,4736.36
*data,K2W,263.42
*data,K4A,5727.07
*data,K4B,64.02
*data,K4C,84.99
*data,K4K,258.26
*data,K4M,97.01
*data,K4P,88.92
*data,K4R,62.03
*data,K6A,142.86
*data,K6H,943.56
*data,K6J,657.22
*data,K6K,90.16
*data,K6T,12.75
*data,K6V,140.99
*data,K7A,43.59
*data,K7C,83.07
*data,K7G,49.31
*data,K7H,23.83
*data,K7K,1148.39
*data,K7L,162.22
*data,K7M,606.23
*data,K7N,1043.61
*data,K7P,1936.77
*data,K7R,40.01
*data,K7S,57.62
*data,K7V,26.05
*data,K8A,37.63
*data,K8B,32.41
*data,K8H,73.94
*data,K8N,121.69
*data,K8P,1148.19
*data,K8R,179.22
*data,K8V,171.25
*data,K9A,153.59
*data,K9H,1481.08
*data,K9J,103.04
*data,K9K,2430.32
*data,K9L,212.82
*data,K9V,97.34
*data,L0A,19.00
*data,L0B,26.69
*data,L0C,24.36
*data,L0E,28.99
*data,L0G,57.16
*data,L0H,44.89
*data,L0J,87.63
*data,L0K,16.98
*data,L0L,26.73
*data,L0M,34.57
*data,L0N,13.27
*data,L0P,27.58
*data,L0R,65.28
*data,L0S,81.87
*data,L1A,81.99
*data,L1B,251.92
*data,L1C,185.59
*data,L1E,825.74
*data,L1G,2016.94
*data,L1H,341.42
*data,L1J,1858.48
*data,L1K,3064.08
*data,L1L,5244.00
*data,L1N,1185.08
*data,L1P,2514.02
*data,L1R,3753.97
*data,L1S,934.19
*data,L1T,2757.57
*data,L1V,888.00
*data,L1W,947.71
*data,L1X,2086.91
*data,L1Y,27.44
*data,L1Z,1039.79
*data,L2A,354.18
*data,L2E,150.85
*data,L2G,1459.30
*data,L2H,1998.63
*data,L2J,2085.05
*data,L2M,1936.71
*data,L2N,2175.66
*data,L2P,1139.03
*data,L2R,487.54
*data,L2S,1627.61
*data,L2T,956.72
*data,L2V,427.09
*data,L2W,2251.76
*data,L3B,178.04
*data,L3C,1193.59
*data,L3K,205.54
*data,L3M,341.49
*data,L3P,497.69
*data,L3R,2031.76
*data,L3S,4827.71
*data,L3T,1932.50
*data,L3V,91.47
*data,L3X,2487.95
*data,L3Y,399.82
*data,L3Z,152.54
*data,L4A,181.06
*data,L4B,2193.55
*data,L4C,2713.62
*data,L4E,556.37
*data,L4G,954.03
*data,L4H,8948.80
*data,L4J,3982.49
*data,L4K,335.45
*data,L4L,527.27
*data,L4M,288.65
*data,L4N,1508.04
*data,L4P,303.75
*data,L4R,343.39
*data,L4S,3325.85
*data,L4T,547.40
*data,L4W,1087.32
*data,L4X,2345.98
*data,L4Y,3685.16
*data,L4Z,3707.97
*data,L5A,5724.54
*data,L5B,4868.04
*data,L5C,2446.71
*data,L5E,1617.81
*data,L5G,2673.76
*data,L5H,1523.91
*data,L5J,1605.60
*data,L5K,2284.77
*data,L5L,2592.61
*data,L5M,3084.03
*data,L5N,3397.09
*data,L5R,6085.23
*data,L5V,2188.02
*data,L5W,2047.34
*data,L6A,1033.81
*data,L6B,270.52
*data,L6C,976.30
*data,L6G,35.41
*data,L6H,2439.17
*data,L6J,304.13
*data,L6K,2037.65
*data,L6L,1554.29
*data,L6M,4604.51
*data,L6R,1622.24
*data,L6S,4119.62
*data,L6T,481.22
*data,L6V,615.94
*data,L6W,1771.14
*data,L6X,5026.23
*data,L6Y,4713.97
*data,L6Z,2541.75
*data,L7A,15067.15
*data,L7B,76.70
*data,L7C,4844.37
*data,L7E,297.17
*data,L7G,251.97
*data,L7J,103.49
*data,L7L,3067.50
*data,L7M,1657.53
*data,L7N,1997.53
*data,L7P,1864.46
*data,L7R,318.14
*data,L7S,2900.74
*data,L7T,1141.50
*data,L8E,1083.24
*data,L8G,2540.32
*data,L8H,1680.13
*data,L8J,310.36
*data,L8K,2647.78
*data,L8L,2543.49
*data,L8M,4311.85
*data,L8N,7734.99
*data,L8P,3899.13
*data,L8R,2523.11
*data,L8S,2092.47
*data,L8T,3154.66
*data,L8V,3854.08
*data,L8W,2175.64
*data,L9A,3433.33
*data,L9B,2382.07
*data,L9C,3050.50
*data,L9G,340.97
*data,L9H,423.95
*data,L9K,1137.32
*data,L9L,76.85
*data,L9M,73.99
*data,L9N,319.03
*data,L9P,49.26
*data,L9R,108.87
*data,L9T,275.84
*data,L9V,2280.00
*data,L9W,75.79
*data,L9Y,148.97
*data,M1B,4318.90
*data,M1C,2439.69
*data,M1E,2870.88
*data,M1G,2601.59
*data,M1H,6706.48
*data,M1J,5882.53
*data,M1K,5467.72
*data,M1L,3418.44
*data,M1M,2278.45
*data,M1N,3580.67
*data,M1P,4323.76
*data,M1R,2735.85
*data,M1S,2687.67
*data,M1T,5046.17
*data,M1V,3882.64
*data,M1W,5479.09
*data,M1X,488.36
*data,M2H,4109.98
*data,M2J,5306.44
*data,M2K,2985.84
*data,M2L,2226.64
*data,M2M,3740.95
*data,M2N,6286.73
*data,M2P,2764.00
*data,M2R,5489.29
*data,M3A,3951.47
*data,M3B,2288.95
*data,M3C,3375.96
*data,M3H,2902.74
*data,M3J,4227.18
*data,M3K,899.52
*data,M3L,2734.41
*data,M3M,1866.88
*data,M3N,6384.72
*data,M4A,3145.33
*data,M4B,3850.43
*data,M4C,8600.94
*data,M4E,6646.50
*data,M4G,3434.66
*data,M4H,5661.36
*data,M4J,6440.29
*data,M4K,7150.23
*data,M4L,6836.52
*data,M4M,2592.66
*data,M4N,2869.46
*data,M4P,11666.67
*data,M4R,5636.46
*data,M4S,7349.84
*data,M4T,5932.93
*data,M4V,6267.17
*data,M4W,4648.50
*data,M4X,17942.88
*data,M4Y,16789.31
*data,M5A,9179.57
*data,M5B,16161.67
*data,M5C,7757.14
*data,M5E,11193.39
*data,M5G,6498.51
*data,M5J,1799.18
*data,M5M,4259.44
*data,M5N,6090.08
*data,M5P,5767.30
*data,M5R,8584.53
*data,M5S,7546.09
*data,M5T,11526.00
*data,M5V,3534.30
*data,M6A,3575.98
*data,M6B,5811.92
*data,M6C,7018.29
*data,M6E,7581.13
*data,M6G,8569.25
*data,M6H,8427.48
*data,M6J,9154.14
*data,M6K,14810.27
*data,M6L,4564.43
*data,M6M,4951.27
*data,M6N,4779.33
*data,M6P,9613.02
*data,M6R,8152.56
*data,M6S,3405.21
*data,M8V,5418.59
*data,M8W,2922.49
*data,M8X,3729.34
*data,M8Y,3060.33
*data,M8Z,1569.31
*data,M9A,2928.29
*data,M9B,1713.06
*data,M9C,3145.45
*data,M9L,1582.76
*data,M9M,3027.68
*data,M9N,4827.38
*data,M9P,3117.18
*data,M9R,4855.07
*data,M9V,3477.87
*data,M9W,1409.96
*data,N0A,29.17
*data,N0B,35.01
*data,N0C,11.16
*data,N0E,22.47
*data,N0G,15.08
*data,N0H,12.22
*data,N0J,20.78
*data,N0K,15.26
*data,N0L,21.14
*data,N0M,17.49
*data,N0N,27.71
*data,N0P,20.89
*data,N0R,54.98
*data,N1A,40.26
*data,N1C,1081.36
*data,N1E,1414.57
*data,N1G,1358.16
*data,N1H,145.03
*data,N1K,3411.20
*data,N1L,462.48
*data,N1M,112.28
*data,N1P,12025.00
*data,N1R,201.67
*data,N1S,1971.63
*data,N1T,1238.74
*data,N2A,1705.67
*data,N2B,2239.79
*data,N2C,2252.74
*data,N2E,4487.78
*data,N2G,751.32
*data,N2H,1788.25
*data,N2J,326.24
*data,N2K,1213.59
*data,N2L,1464.18
*data,N2M,3158.29
*data,N2N,2409.82
*data,N2P,1090.16
*data,N2R,120.80
*data,N2T,2131.10
*data,N2V,7838.37
*data,N2Z,39.57
*data,N3B,151.42
*data,N3C,783.82
*data,N3H,446.00
*data,N3L,120.44
*data,N3P,3369.12
*data,N3R,1394.09
*data,N3S,1445.74
*data,N3T,79.95
*data,N3V,3118.52
*data,N3W,54.51
*data,N3Y,84.19
*data,N4B,54.83
*data,N4G,76.82
*data,N4K,85.06
*data,N4L,31.42
*data,N4N,45.06
*data,N4S,105.88
*data,N4T,1529.01
*data,N4V,2352.86
*data,N4W,29.33
*data,N4X,32.51
*data,N4Z,1256.77
*data,N5A,115.65
*data,N5C,100.35
*data,N5H,39.18
*data,N5L,44.85
*data,N5P,66.26
*data,N5R,1103.50
*data,N5V,764.31
*data,N5W,1711.20
*data,N5X,1851.06
*data,N5Y,2456.90
*data,N5Z,2396.00
*data,N6A,1742.35
*data,N6B,3279.13
*data,N6C,2322.16
*data,N6E,1848.01
*data,N6G,2235.71
*data,N6H,432.25
*data,N6J,2750.13
*data,N6K,850.94
*data,N6L,9.72
*data,N6M,53.25
*data,N6N,14.91
*data,N6P,277.65
*data,N7A,38.39
*data,N7G,58.23
*data,N7L,1312.29
*data,N7M,70.04
*data,N7S,1649.97
*data,N7T,187.37
*data,N7V,1323.25
*data,N7W,105.30
*data,N7X,391.97
*data,N8A,32.08
*data,N8H,172.01
*data,N8M,84.61
*data,N8N,368.75
*data,N8P,2241.30
*data,N8R,2214.16
*data,N8S,2115.65
*data,N8T,1607.67
*data,N8W,1352.94
*data,N8X,1821.58
*data,N8Y,2676.66
*data,N9A,1226.14
*data,N9B,3142.33
*data,N9C,711.98
*data,N9E,1354.55
*data,N9G,1768.28
*data,N9H,968.46
*data,N9J,395.92
*data,N9K,772.16
*data,N9V,142.15
*data,N9Y,155.69
*data,P0A,2.73
*data,P0B,10.93
*data,P0C,3.90
*data,P0E,7.64
*data,P0G,1.92
*data,P0H,1.86
*data,P0J,2.11
*data,P0K,0.97
*data,P0L,0.09
*data,P0M,0.72
*data,P0N,7.74
*data,P0P,1.87
*data,P0R,1.38
*data,P0S,0.73
*data,P0T,0.27
*data,P0V,0.08
*data,P0W,0.38
*data,P0X,0.52
*data,P0Y,0.32
*data,P1A,348.67
*data,P1B,62.95
*data,P1C,374.57
*data,P1H,15.62
*data,P1L,22.83
*data,P1P,23.06
*data,P2A,12.89
*data,P2N,806.67
*data,P3A,697.43
*data,P3B,598.25
*data,P3C,1592.54
*data,P3E,22.54
*data,P3G,3.72
*data,P3L,57.79
*data,P3N,230.23
*data,P3P,26.89
*data,P3Y,54.04
*data,P4N,11.68
*data,P4P,285.03
*data,P4R,9602.94
*data,P5A,13.67
*data,P5E,29.74
*data,P5N,4.96
*data,P6A,78.00
*data,P6B,1121.49
*data,P6C,550.67
*data,P7A,1147.33
*data,P7B,3.18
*data,P7C,24.05
*data,P7E,1617.12
*data,P7G,10334.15
*data,P7J,355.76
*data,P8N,4.92
*data,P8T,1.78
*data,P9A,5.52
*data,P9N,5.72
*data,R0A,3.68
*data,R0B,0.09
*data,R0C,1.21
*data,R0E,1.47
*data,R0G,3.73
*data,R0H,2.93
*data,R0J,1.83
*data,R0K,2.28
*data,R0L,0.55
*data,R0M,1.74
*data,R1A,53.47
*data,R1N,12.05
*data,R2C,137.66
*data,R2E,204.39
*data,R2G,2282.47
*data,R2H,2611.41
*data,R2J,807.99
*data,R2K,3106.88
*data,R2L,3285.91
*data,R2M,2357.90
*data,R2N,1937.74
*data,R2P,1112.98
*data,R2R,1083.24
*data,R2V,2292.61
*data,R2W,3660.03
*data,R2X,1726.63
*data,R2Y,1758.37
*data,R3A,2921.68
*data,R3B,4734.39
*data,R3C,71.54
*data,R3E,2685.03
*data,R3G,3677.03
*data,R3H,35.74
*data,R3J,1775.74
*data,R3K,2041.74
*data,R3L,3582.65
*data,R3M,3333.53
*data,R3N,1887.80
*data,R3P,948.61
*data,R3R,1697.83
*data,R3S,14.72
*data,R3T,1235.18
*data,R3V,72.34
*data,R3W,486.20
*data,R3X,819.12
*data,R3Y,964.21
*data,R4A,37.07
*data,R4H,34.69
*data,R4J,15.44
*data,R4K,7.18
*data,R4L,4.67
*data,R5A,55.55
*data,R5G,30036.36
*data,R5H,12.60
*data,R6M,629.78
*data,R6W,34.74
*data,R7A,23.93
*data,R7B,1561.52
*data,R7C,204.29
*data,R7N,7.36
*data,R8A,0.47
*data,R8N,3.09
*data,R9A,0.87
*data,S0A,1.50
*data,S0C,1.12
*data,S0E,1.04
*data,S0G,1.64
*data,S0H,0.71
*data,S0J,0.19
*data,S0K,2.18
*data,S0L,1.00
*data,S0M,0.42
*data,S0N,0.60
*data,S0P,0.41
*data,S3N,16.38
*data,S4A,5.66
*data,S4H,4.32
*data,S4L,17.62
*data,S4N,1894.25
*data,S4P,10.42
*data,S4R,1310.99
*data,S4S,1811.19
*data,S4T,1317.46
*data,S4V,1661.25
*data,S4X,2073.90
*data,S4Y,939.56
*data,S4Z,284.03
*data,S6H,11.36
*data,S6J,1168.67
*data,S6K,1162.30
*data,S6V,17.68
*data,S6X,1405.26
*data,S7H,2557.23
*data,S7J,1426.04
*data,S7K,19.35
*data,S7L,1432.87
*data,S7M,1417.68
*data,S7N,1270.13
*data,S7S,645.50
*data,S7T,47.03
*data,S7V,1901.53
*data,S9A,10.92
*data,S9H,6.68
*data,S9V,5.15
*data,S9X,164.29
*data,T0A,1.72
*data,T0B,2.00
*data,T0C,2.92
*data,T0E,1.01
*data,T0G,0.49
*data,T0H,0.43
*data,T0J,1.22
*data,T0K,1.75
*data,T0L,1.64
*data,T0M,2.24
*data,T0P,0.03
*data,T1A,11.14
*data,T1B,1685.22
*data,T1C,411.34
*data,T1G,9.69
*data,T1H,595.82
*data,T1J,42.75
*data,T1K,558.43
*data,T1M,10.88
*data,T1P,12.43
*data,T1R,7.45
*data,T1V,16.65
*data,T1X,1679.86
*data,T1Y,3683.33
*data,T2A,3154.83
*data,T2B,1409.56
*data,T2C,456.69
*data,T2E,630.93
*data,T2G,734.64
*data,T2H,1557.49
*data,T2J,162.57
*data,T2K,2674.27
*data,T2L,1956.82
*data,T2M,39.72
*data,T2N,2320.06
*data,T2P,23.79
*data,T2R,8302.90
*data,T2S,2080.99
*data,T2T,3348.40
*data,T2V,1555.75
*data,T2W,2442.89
*data,T2X,1637.53
*data,T2Y,2776.89
*data,T2Z,792.98
*data,T3A,2996.16
*data,T3B,1517.68
*data,T3C,233.75
*data,T3E,188.21
*data,T3G,2560.53
*data,T3H,4767.56
*data,T3J,2432.14
*data,T3K,1720.52
*data,T3L,2093.54
*data,T3Z,4712.90
*data,T4A,1479.41
*data,T4B,51.39
*data,T4E,685.25
*data,T4G,7.81
*data,T4H,11.58
*data,T4J,7.60
*data,T4L,1095.37
*data,T4N,38.95
*data,T4P,1321.65
*data,T4R,1838.55
*data,T4S,172.37
*data,T4V,20.94
*data,T4X,1218.06
*data,T5A,2480.20
*data,T5B,194.16
*data,T5C,2795.38
*data,T5E,158.41
*data,T5G,1318.24
*data,T5H,3454.22
*data,T5J,3686.24
*data,T5K,4575.84
*data,T5L,693.02
*data,T5M,1204.57
*data,T5N,2300.00
*data,T5P,2816.05
*data,T5R,1876.84
*data,T5S,70.26
*data,T5T,1096.56
*data,T5W,1806.96
*data,T5X,1766.55
*data,T5Y,625.37
*data,T5Z,1496.30
*data,T6A,1622.33
*data,T6B,417.60
*data,T6C,2251.36
*data,T6E,2907.71
*data,T6G,1386.63
*data,T6H,156.13
*data,T6J,1993.54
*data,T6K,2796.07
*data,T6L,2874.03
*data,T6M,633.35
*data,T6N,0.97
*data,T6P,239.45
*data,T6R,2124.76
*data,T6S,1.98
*data,T6T,1190.26
*data,T6V,1036.83
*data,T6W,189.91
*data,T6X,122.77
*data,T7A,6.47
*data,T7E,1.03
*data,T7N,4.70
*data,T7S,2.03
*data,T7V,2.73
*data,T7X,81.43
*data,T7Y,35.50
*data,T7Z,38.50
*data,T8A,212.42
*data,T8B,53.33
*data,T8C,34.28
*data,T8E,34.59
*data,T8G,15.81
*data,T8H,3694.68
*data,T8L,25.75
*data,T8N,182.43
*data,T8R,18.93
*data,T8S,11.60
*data,T8V,51.41
*data,T8W,906.84
*data,T8X,4915.60
*data,T9A,16.79
*data,T9C,9.13
*data,T9E,37.30
*data,T9H,746.65
*data,T9J,1279.11
*data,T9K,589.76
*data,T9N,6.73
*data,T9S,2.95
*data,T9V,1672.06
*data,T9W,7.50
*data,T9X,5.16
*data,V0A,1.17
*data,V0B,1.43
*data,V0C,0.15
*data,V0E,1.11
*data,V0G,1.41
*data,V0H,5.11
*data,V0J,0.19
*data,V0K,0.82
*data,V0L,0.11
*data,V0M,2.25
*data,V0N,1.91
*data,V0P,0.33
*data,V0R,7.10
*data,V0S,7.17
*data,V0T,0.21
*data,V0V,0.35
*data,V0W,0.01
*data,V0X,2.03
*data,V1A,3.26
*data,V1B,164.02
*data,V1C,10.44
*data,V1E,35.16
*data,V1G,3.02
*data,V1J,28.60
*data,V1K,28339.39
*data,V1L,14.58
*data,V1M,441.05
*data,V1N,6.07
*data,V1R,21.25
*data,V1S,2104.20
*data,V1T,20.42
*data,V1V,213.02
*data,V1W,991.41
*data,V1X,21.81
*data,V1Y,44.62
*data,V1Z,161.11
*data,V2A,67.79
*data,V2B,24.09
*data,V2C,8.22
*data,V2E,125.41
*data,V2G,2.74
*data,V2H,336.49
*data,V2J,1.71
*data,V2K,257.11
*data,V2L,21.80
*data,V2M,2003.23
*data,V2N,4.22
*data,V2P,283.89
*data,V2R,139.91
*data,V2S,926.18
*data,V2T,1624.76
*data,V2V,50.35
*data,V2W,1300.60
*data,V2X,27.74
*data,V2Y,355.08
*data,V2Z,169.58
*data,V3A,1755.56
*data,V3B,1377.47
*data,V3C,1178.99
*data,V3E,429.58
*data,V3G,103.39
*data,V3H,554.54
*data,V3J,2454.54
*data,V3K,2787.81
*data,V3L,2796.34
*data,V3M,3566.07
*data,V3N,1667.20
*data,V3R,1493.18
*data,V3S,1361.33
*data,V3T,3432.92
*data,V3V,2168.25
*data,V3W,3351.28
*data,V3X,1230.77
*data,V3Y,159.74
*data,V4A,704.52
*data,V4B,1039.00
*data,V4C,2788.19
*data,V4E,1528.32
*data,V4K,110.32
*data,V4L,480.11
*data,V4M,1535.93
*data,V4N,665.06
*data,V4P,104.72
*data,V4R,408.50
*data,V4S,1606.46
*data,V4T,74.16
*data,V4V,34.97
*data,V4W,177.16
*data,V4X,66.44
*data,V4Z,3.94
*data,V5A,935.94
*data,V5B,1725.41
*data,V5C,3469.47
*data,V5E,3481.46
*data,V5G,1483.87
*data,V5H,6006.48
*data,V5J,3080.24
*data,V5K,3375.38
*data,V5L,3856.45
*data,V5M,4545.02
*data,V5N,6040.54
*data,V5P,5272.20
*data,V5R,7459.73
*data,V5S,3554.01
*data,V5T,5175.93
*data,V5V,6115.99
*data,V5W,5175.81
*data,V5X,4402.40
*data,V5Y,4060.28
*data,V5Z,6129.66
*data,V6A,3359.69
*data,V6B,4785.68
*data,V6E,10604.42
*data,V6G,3661.28
*data,V6H,6003.97
*data,V6J,4892.12
*data,V6K,8361.46
*data,V6L,3281.96
*data,V6M,3441.63
*data,V6N,1917.63
*data,V6P,3420.77
*data,V6R,3430.25
*data,V6S,3249.62
*data,V6T,786.00
*data,V6V,322.05
*data,V6W,60.56
*data,V6X,1570.37
*data,V6Y,3840.85
*data,V6Z,28132.14
*data,V7A,1099.90
*data,V7B,44.22
*data,V7C,3603.98
*data,V7E,3963.14
*data,V7G,13.54
*data,V7H,300.22
*data,V7J,514.58
*data,V7K,1459.25
*data,V7L,1897.79
*data,V7M,5376.58
*data,V7N,785.71
*data,V7P,1364.75
*data,V7R,551.72
*data,V7S,151.37
*data,V7T,2250.81
*data,V7V,2052.75
*data,V7W,1046.86
*data,V8A,18.31
*data,V8C,38.26
*data,V8G,1.87
*data,V8J,3.47
*data,V8K,49.99
*data,V8L,327.14
*data,V8M,383.31
*data,V8N,1788.90
*data,V8P,1600.09
*data,V8R,2947.95
*data,V8S,2418.94
*data,V8T,3497.16
*data,V8V,4948.88
*data,V8W,3807.69
*data,V8X,458.44
*data,V8Y,882.01
*data,V8Z,1027.56
*data,V9A,2400.20
*data,V9B,234.85
*data,V9C,898.39
*data,V9E,106.56
*data,V9G,165.15
*data,V9H,80.02
*data,V9J,73.72
*data,V9K,34.91
*data,V9L,72.33
*data,V9M,632.05
*data,V9N,23.19
*data,V9P,496.49
*data,V9R,267.99
*data,V9S,1394.34
*data,V9T,797.28
*data,V9V,1219.14
*data,V9W,766.16
*data,V9X,9.19
*data,V9Y,12.18
*data,X0A,0.01
*data,X0C,0.01
*data,X0E,0.01
*data,X0G,4.88
*data,X1A,87.08
*data,Y0A,0.03
*data,Y0B,0.01
*data,Y1A,1.66
*missing_FSA,A1H
*missing_FSA,A1M
*missing_FSA,A5A
*missing_FSA,A8A
*missing_FSA,B0A
*missing_FSA,B1B
*missing_FSA,B1C
*missing_FSA,B1E
*missing_FSA,B1G
*missing_FSA,B1J
*missing_FSA,B1K
*missing_FSA,B1T
*missing_FSA,B1W
*missing_FSA,B1X
*missing_FSA,B1Y
*missing_FSA,B2C
*missing_FSA,B2E
*missing_FSA,B2J
*missing_FSA,B2R
*missing_FSA,B2S
*missing_FSA,B3E
*missing_FSA,B3V
*missing_FSA,B4P
*missing_FSA,B9A
*missing_FSA,E0A
*missing_FSA,E0B
*missing_FSA,E0C
*missing_FSA,E0E
*missing_FSA,E0G
*missing_FSA,E0H
*missing_FSA,E0J
*missing_FSA,E0K
*missing_FSA,E0L
*missing_FSA,E1H
*missing_FSA,E1J
*missing_FSA,E2R
*missing_FSA,E4A
*missing_FSA,E4B
*missing_FSA,E4C
*missing_FSA,E4E
*missing_FSA,E4G
*missing_FSA,E4H
*missing_FSA,E4J
*missing_FSA,E4K
*missing_FSA,E4L
*missing_FSA,E4M
*missing_FSA,E4N
*missing_FSA,E4P
*missing_FSA,E4R
*missing_FSA,E4S
*missing_FSA,E4T
*missing_FSA,E4V
*missing_FSA,E4W
*missing_FSA,E4X
*missing_FSA,E4Y
*missing_FSA,E4Z
*missing_FSA,E5A
*missing_FSA,E5B
*missing_FSA,E5C
*missing_FSA,E5E
*missing_FSA,E5G
*missing_FSA,E5H
*missing_FSA,E5J
*missing_FSA,E5K
*missing_FSA,E5L
*missing_FSA,E5M
*missing_FSA,E5N
*missing_FSA,E5P
*missing_FSA,E5R
*missing_FSA,E5S
*missing_FSA,E5T
*missing_FSA,E5V
*missing_FSA,E6A
*missing_FSA,E6B
*missing_FSA,E6C
*missing_FSA,E6E
*missing_FSA,E6G
*missing_FSA,E6H
*missing_FSA,E6J
*missing_FSA,E6K
*missing_FSA,E6L
*missing_FSA,E7C
*missing_FSA,E7E
*missing_FSA,E7G
*missing_FSA,E7H
*missing_FSA,E7J
*missing_FSA,E7K
*missing_FSA,E7L
*missing_FSA,E7M
*missing_FSA,E7N
*missing_FSA,E7P
*missing_FSA,E8A
*missing_FSA,E8B
*missing_FSA,E8C
*missing_FSA,E8E
*missing_FSA,E8G
*missing_FSA,E8J
*missing_FSA,E8K
*missing_FSA,E8L
*missing_FSA,E8M
*missing_FSA,E8N
*missing_FSA,E8P
*missing_FSA,E8R
*missing_FSA,E8S
*missing_FSA,E8T
*missing_FSA,E9A
*missing_FSA,E9B
*missing_FSA,E9C
*missing_FSA,E9E
*missing_FSA,E9G
*missing_FSA,E9H
*missing_FSA,FSA
*missing_FSA,G0B
*missing_FSA,G1A
*missing_FSA,G3G
*missing_FSA,G3H
*missing_FSA,G3L
*missing_FSA,G3M
*missing_FSA,G3Z
*missing_FSA,G4T
*missing_FSA,G4V
*missing_FSA,G4X
*missing_FSA,G5J
*missing_FSA,G5X
*missing_FSA,G7N
*missing_FSA,G7T
*missing_FSA,G8E
*missing_FSA,G8G
*missing_FSA,G9H
*missing_FSA,H0A
*missing_FSA,H3B
*missing_FSA,H4T
*missing_FSA,H4Y
*missing_FSA,H4Z
*missing_FSA,H5A
*missing_FSA,H5B
*missing_FSA,H7J
*missing_FSA,J1C
*missing_FSA,J1R
*missing_FSA,J2L
*missing_FSA,J2M
*missing_FSA,J2R
*missing_FSA,J5B
*missing_FSA,J5C
*missing_FSA,J5J
*missing_FSA,J5K
*missing_FSA,J5L
*missing_FSA,J5M
*missing_FSA,J5T
*missing_FSA,J7M
*missing_FSA,J8A
*missing_FSA,J8B
*missing_FSA,J8E
*missing_FSA,J9B
*missing_FSA,J9V
*missing_FSA,J9Y
*missing_FSA,K1A
*missing_FSA,K1P
*missing_FSA,K2V
*missing_FSA,L1M
*missing_FSA,L4V
*missing_FSA,L5P
*missing_FSA,L5S
*missing_FSA,L5T
*missing_FSA,L6E
*missing_FSA,L6P
*missing_FSA,L7K
*missing_FSA,L9S
*missing_FSA,L9Z
*missing_FSA,M5H
*missing_FSA,M5K
*missing_FSA,M5L
*missing_FSA,M5W
*missing_FSA,M5X
*missing_FSA,M7A
*missing_FSA,M7Y
*missing_FSA,N3A
*missing_FSA,N3E
*missing_FSA,N8V
*missing_FSA,P2B
*missing_FSA,P7K
*missing_FSA,R1B
*missing_FSA,S2V
*missing_FSA,S4W
*missing_FSA,S6W
*missing_FSA,S7P
*missing_FSA,S7R
*missing_FSA,S7W
*missing_FSA,T0V
*missing_FSA,T1L
*missing_FSA,T1S
*missing_FSA,T1W
*missing_FSA,T3M
*missing_FSA,T3N
*missing_FSA,T3P
*missing_FSA,T3R
*missing_FSA,T4C
*missing_FSA,T4T
*missing_FSA,T5V
*missing_FSA,T7P
*missing_FSA,T9G
*missing_FSA,T9M
*missing_FSA,V1H
*missing_FSA,V1P
*missing_FSA,V4G
*missing_FSA,V6C
*missing_FSA,V7X
*missing_FSA,V7Y
*missing_FSA,V8B
*missing_FSA,X0B
